Priority,Lead Type,Company / Entity,Contact Person,Area / Locality,City / District,State,Phone,Email,Website,Why It Matters,Source 1,Source 2,Notes
1,Local processor / trader,Makhana Foodgrains Pvt. Ltd.,Basant Kedia,Kamal Para / Harishchandrapur belt,Malda,West Bengal,+91 9733120017; +91 7548998798,Makhanafoodgrains@gmail.com,https://makhanafoodgrains.in/contact-us/,Strong local processor-trader footprint; public materials say sourcing from 500+ farmers around Harishchandrapur and nearby areas.,https://makhanafoodgrains.in/contact-us/,https://www.indiamart.com/makhana-foodgrains-private-limited/,Highest-priority local operating contact.
2,Wholesaler / distributor,Maa Laxmi Agro Products,Basant Kedia,"Barduary Road, Harishchandrapur",Malda,West Bengal,07942792842,,https://www.makhanasupplier.com/,IndiaMART-listed wholesaler/distributor with stated turnover band of Rs 5-25 Cr and active grade-wise makhana listings.,https://www.makhanasupplier.com/,,Likely overlapping network with Makhana Foodgrains.
3,Brand / processor,WhiteCrop,,"Sonapur, Kariali",Malda,West Bengal,+91 72078 98956,[email protected],https://whitecrops.com/,"Malda-based brand with raw, roasted, flavored, and private-label style positioning.",https://whitecrops.com/,https://www.whitecrops.com/products.html,Useful for brand/channel partnerships or competitive mapping.
4,Exporter / wholesaler,NILUMA FOODS,Masum Ali,Chanchal,Malda,West Bengal,,,https://niluma.linker.store/,Merchant exporter and wholesaler publicly listing phool makhana and other agri food products.,https://www.msmemart.com/member/aboutus/295014/niluma-foods,https://fieo.globallinker.com/network/profile/masum-ali/544643,Good export-facing lead in Malda.
5,Exporter / supplier,Brother Exim Agency,Ali Akbar Ahmed,"Near Kumedpur Railway Station, Sadlichak, P.S. Harishchandrapur",Malda,West Bengal,,,,Exporter/supplier in Malda already listing fox nuts as traded/exported product.,https://www.tradeindia.com/products/fox-nuts-makhana-c5566476.html,,Relevant if you want local export/trade buyers.
6,Manufacturer / supplier,Binita Enterprise,Mrs Binita Das,"Barduary, Harish Chandrapur",Malda,West Bengal,,,,Small local manufacturer/supplier; useful as a local trade relationship or overflow buyer.,https://www.tradeindia.com/binita-enterprise-19295470/,https://www.tradeindia.com/binita-enterprise-19295470/makhana.html,Local network-building lead.
7,Trader / supplier,Eftekar Alam & Co.,Mr. Eftekar Alam,"Kumedpur, Natun Sadlichak, Harishchandrapur",Malda,West Bengal,,,,Actively listing multiple makhana grades and MOQs on TradeIndia.,https://www.tradeindia.com/eftekar-alam-co-21178953/makhana.html,,Good for local market checks and buy-sell placement.
8,Farm / seller,Diamond Makhana Farm,Mr. Ghualam Mustafa,"Harishchandrapur, Post Malkhan",Malda,West Bengal,,,,Local makhana farm / seller with public product-service page.,https://www.tradeindia.com/diamond-makhana-farm-28352659/product-services.html,,Useful for local supply-side mapping and secondary buyer network.
9,Trader,MSK ENTERPRISES,Mabut SK,"Mozampur, Haruchak, Kaliachak",Malda,West Bengal,,,,Wider agri trader with makhana listed as one of the products.,https://www.exportersindia.com/msk-traders/,,Secondary local lead.
10,Distributor / channel buyer,Raiganj Enterprise,Prasenjit Mallick,"N. S. Road, Mohanbati",Raiganj,West Bengal,,,,"Distributor of food products, biscuits, and snacks; plausible packaged makhana channel buyer.",https://www.tradeindia.com/raiganj-enterprise-19839576/,,Good Raiganj distribution lead.
11,Wholesale market lead,Nayan Fruit Store (Ns),,"Sarai Bypass, Rupahar",Raiganj,West Bengal,,,https://www.justdial.com/Raiganj/Nayan-Fruit-Store-Ns-Rupahar/9999P3523-3523-240103043810-T2A8_BZDET,Wholesale market lead for testing dry-fruit placement or channel pull in Raiganj.,https://www.justdial.com/Raiganj/Nayan-Fruit-Store-Ns-Rupahar/9999P3523-3523-240103043810-T2A8_BZDET,,More relevant for placement than direct bulk sourcing.
12,North Bengal market lead,Shanti Store,,Mallaguri,Siliguri,West Bengal,08488960931,,https://www.justdial.com/Siliguri/Shanti-Store-Near-High-Extension-Poll-Mallaguri/9999PX353-X353-231230091346-N5Z6_BZDET,Nearby North Bengal trade hub lead if you want distribution beyond Raiganj.,https://www.justdial.com/Siliguri/Shanti-Store-Near-High-Extension-Poll-Mallaguri/9999PX353-X353-231230091346-N5Z6_BZDET,,Regional channel lead.
13,Exporter / trader,Whole Foods Agro,Debasre Sarkar,"Maharshi Debendra Road, Barabazar",Kolkata,West Bengal,,wholefoodsagro@gmail.com,https://www.wholefoodsagro.in/,Exporter/supplier/trader with global-market positioning and direct makhana offering.,https://www.wholefoodsagro.in/,,Strong Kolkata channel/export lead.
14,Export-focused buyer / processor,Satviki Exports,,Fairlie Place,Kolkata,West Bengal,+91 82397 05390; +91 98306 55390,info@satvikiexports.com,https://www.satvikiexports.com/,Export-focused buyer/processor with Bihar factory linkage.,https://www.satvikiexports.com/,,Good outbound/export buyer lead.
15,Packaged food buyer / brand,Indusland Food Products Pvt. Ltd.,,"Bosepukur Road, Kasba",Kolkata,West Bengal,033 4504 0300; 86973 38722,info@induslandfood.com,https://www.induslandfood.com/,Packaged food company already selling roasted makhana and other healthy snack lines.,https://www.induslandfood.com/,,Good for packed or flavored SKU discussions.
16,Wholesale brand buyer,Chappan Bhog Makhana,,Kolkata,Kolkata,West Bengal,+91 8820248035; +91 8017352823,kkproductinfo@gmail.com,https://chappanbhog.co/pages/wholesale,Active branded makhana business with a dedicated wholesale page.,https://chappanbhog.co/pages/contacts,https://chappanbhog.co/pages/wholesale,Good branded wholesale channel.
17,Regional food products company,DNV Food Products Pvt. Ltd.,,AJC Bose Road,Kolkata,West Bengal,8232020551,dnvfoods@dnvfoods.com,https://www.dnvfoods.com/,Large regional food company with makhana in product range.,https://www.dnvfoods.com/wp-content/uploads/2021/07/DNV-FOOD-PRODUCTS-BROCHURE.pdf,https://www.dnvfoods.com/,Strong packaged-channel lead.
18,Trade inquiry desk,Makhana.org,,Kolkata office plus other offices,Kolkata,West Bengal,+91 9711124486,info@makhana.org.in,https://makhana.org.in/contact-us/,Broader makhana trade inquiry desk that may open buyer or export introductions.,https://makhana.org.in/contact-us/,,Useful for introductions rather than direct recurring buy.
19,Manufacturer / wholesale supplier,Madhubani Makhana Pvt. Ltd.,,Gandhi Chowk / ICICI Bank area,Madhubani,Bihar,+91 8102926892; +91 8102926899,madhubani@makhana.com; info@makhana.com,https://www.makhana.com/contactus,One of the best-known Madhubani makhana suppliers with wholesale positioning and long-standing farm network.,https://www.makhana.com/contactus,https://madhubani.makhana.com/contactus,High-confidence Bihar source and buyer/distributor relationship lead.
20,Manufacturer / supplier / trader,Maithil Makhana,Prashant Singh; Amit Chauhan; Kaushiki Kumariii,"Laheriasarai, Litchi Gatchi",Darbhanga,Bihar,+91 9798883085; +91 9117268338,makhanamaithil162@gmail.com,https://www.maithilmakhana.in/,Darbhanga-based dedicated makhana manufacturer and trader with grade-wise product range and direct bulk contact details.,https://www.maithilmakhana.in/,https://www.maithilmakhana.in/contact-us.htm,Strong East Bihar lead.
21,Manufacturer / exporter / supplier,Mithila Makhana,Ayush Kumar,"Punaichak Road No. 1, Bailey Road",Patna,Bihar,,mithilamakhana279@gmail.com,https://www.mithilamakhana.co.in/,Patna-based manufacturer/exporter/supplier with bulk-grade makhana and exporter positioning.,https://www.mithilamakhana.co.in/,https://www.mithilamakhana.co.in/contact-us.htm,Email visible; phone is hidden behind view-number.
22,Brand / wholesale supplier,Mithila Makhana Pvt. Ltd.,,"ICICI Bank, Gandhi Chowk",Madhubani,Bihar,+91 94728 02233; +91 97983 24281,info@mithilafoxnuts.com; makhana.mithila@gmail.com,https://mithilafoxnuts.com/contact/,Premium consumer and wholesale makhana brand with direct bulk/wholesale FAQ and visible buyer contacts.,https://mithilafoxnuts.com/contact/,,Good bridge between branded and bulk channels.
23,Farm-to-market supplier,Mithila Agri Foods,,"Vill Mahathwar, Ghanshyampur",Darbhanga,Bihar,+91 9540514448; +91 9717566230,info@mithilaagrifoods.com,https://mithilaagrifoods.com/makhana/,Agri-products supplier directly listing makhana with bulk call-to-action and Darbhanga operations.,https://mithilaagrifoods.com/makhana/,,Good Darbhanga trade lead.
24,Manufacturer / supplier,Mithila Makhana Udyog,,"Satlakha, Rahika",Madhubani,Bihar,6202566163; 7549472796,mithilamakhanaudyog@gmail.com,https://www.mithilamakhanaudyog.com/,Active Madhubani-based makhana supplier with direct office contact details and local processing positioning.,https://www.mithilamakhanaudyog.com/,,Useful for source-region trade relationships.
25,Farmer-owned brand / processing lead,Makhana Farm / Bihar Makhana,,Beloun,Darbhanga,Bihar,+91 9711124486,info@makhanafarm.com,https://www.makhanafarm.com/makhana-contact,Farmer-owned makhana brand with processing-unit contact and strong collective/farmer-owned positioning.,https://www.makhanafarm.com/makhana-contact,https://makhana.org.in/contact-us/,Could be relevant for larger organized sourcing or placement.
26,Brand / B2B supplier,MBA Makhana Wala,,"B-HUB Block A, Maurya Lok Complex",Patna,Bihar,+91 7905613306,contact@mbamakhanawala.com,https://www.mbamakhanawala.com/,"Emerging Patna brand with franchise and B2B posture, suitable for channel or placement conversations.",https://www.mbamakhanawala.com/,,Useful for packaged/brand channel exploration.
27,Manufacturer / trader / distributor,Maruti Makhana,Vikram Kumar; Shreya Raj,Bara Bazar / Cosmos Building,Madhubani,Bihar,9534343449; 08048950916,,https://marutimakhana.com/contact/,Large established makhana player with trading and manufacturing history and significant market presence.,https://marutimakhana.com/contact/,https://www.marutimakhana.in/,"Well-known operator; IndiaMART number is proxy, direct phone from website preferred."
28,Manufacturer / supplier,S S Mithila Makhana,Chandan Kumar,Jhanjharpur,Madhubani,Bihar,+91 8292706016,Kumar.chandan0301@gmail.com,https://www.ssmithilamakhana.co.in/,"Fresh Madhubani supplier with direct mobile and email, suitable for rapid outreach.",https://www.ssmithilamakhana.co.in/,,Useful source-region counterpart or channel buyer.
29,Manufacturer / exporter,ST Makhana,Aman Shah,"Sahu Market, Mirsafayat Road, Purani Godam",Gaya,Bihar,+91 8969825158,Stmakhana.info@gmail.com,https://www.stmakhana.com/,Export-oriented bulk supplier with certifications and explicit domestic/international enquiry desk.,https://www.stmakhana.com/,,Website markets Purnia sourcing but contact office appears in Gaya.
30,Manufacturer / supplier,Makhana Haat,,"Kamat, Post Mirganj, Block Dhamdaha",Purnia,Bihar,+91 9241306012,makhanahaat@gmail.com,https://makhanahaat.com/,Dedicated Purnia supplier serving wholesalers and distributors nationwide with custom packaging.,https://makhanahaat.com/,,Strong East Bihar lead.
31,Manufacturer / wholesale supplier,KBC Makhana,Saransh Agarwal,"Bara Bazar, Durgapur; Tajganj; Harda Bazar",Katihar / Purnia,Bihar,(06452) 248601; 242601; +91 8298877777; 7903618839,care@kbcmakhana.com,https://kbcmakhana.com/,Katihar-Purnia cluster player with clear brand portfolio and routes into South India and Assam.,https://kbcmakhana.com/,,"Website says marketed in South India and Assam via TruePDI Automotive Pvt Ltd, Bhubaneswar."
32,Manufacturer / processing unit,NutVatika,,"Dandkhora Ward -07, Seemanchal Makhana Processing Unit",Katihar,Bihar,+91 7992205609,info@nutvatika.com,https://nutvatika.com/contact/,Modern makhana processing unit with private label and bulk supply positioning.,https://nutvatika.com/contact/,https://nutvatika.com/,Strong East Bihar lead.
33,Wholesaler / exporter / trader,Manju Makhana Enterprises,,Sapta,Madhubani,Bihar,+91 9431085885; 9031585885; 7004275161,manjuudyog@gmail.com,https://manjumakhana.in/,Long-running trader/exporter of makhana and dry fruits with multiple in-house brands.,https://manjumakhana.in/,,High-confidence supplier and trade lead.
34,Farmer producer organization / GI makhana lead,Mkhaan / MIDAS Farmer Producer Company,Rajeev Ranjan,Darbhanga,Darbhanga,Bihar,+91 9910194934,midasfpo@gmail.com,https://www.prathma.com/about,Farmer-owned organization focused on GI-tagged Darbhanga makhana and market access for member growers.,https://www.prathma.com/about,,Useful for organized sourcing and farm-network partnerships.
35,Wholesaler / distributor,Guru Kripa,Yash Banthia,"67/40 Strand Road, Bara Bazar",Kolkata,West Bengal,08043854737,,https://www.gkkajuwala.com/,Large Kolkata dry-fruits wholesaler already listing makhana with product detail and contact person.,https://www.gkkajuwala.com/makhana.html,https://www.gkkajuwala.com/,IndiaMART proxy phone.
36,Trader / wholesaler / distributor,Shivji Trading Company,,Kolkata,Kolkata,West Bengal,07942656365,,https://www.shivjitradingcompany.com/dry-fruits.html,Dry fruit wholesaler listing 5 suta quality makhana among core products.,https://www.shivjitradingcompany.com/dry-fruits.html,,Proxy contact number from listing.
37,Dry fruits wholesaler,American Dry Fruits,,"1A Flower Range, Near Globe Cinema, New Market",Kolkata,West Bengal,033 65180307; 09433151118,,https://www.qa.jupiteryellowdetail.com/Kolkata/search-by-listings/food-shops-/new-market-/american-dry-fruits/505536.jws,Established Kolkata dry-fruit trader in New Market; plausible large-quantity channel buyer.,https://www.qa.jupiteryellowdetail.com/Kolkata/search-by-listings/food-shops-/new-market-/american-dry-fruits/505536.jws,,General dry-fruit channel lead rather than makhana specialist.
38,Exporter / supplier,DSQ EXIM,,"3rd, 9A Dr Naresh Sen Gupta Sarani",Kolkata,West Bengal,+91 9830352000,info@dsqexim.com,https://makhana.linker.store/,Kolkata-based export-oriented supplier with dedicated foxnut product page and direct contact.,https://makhana.linker.store/,,Good export/channel lead.
39,Exporter / bulk supplier,BPSA Global,,"West Santinagar, Sapuipara, PO Anandanagar",Howrah,West Bengal,+91 9507119793; +91 7003962909,directors@bpsaglobal.com,https://bpsaglobal.com/,Howrah-based export supplier explicitly selling 4 and 5 suta makhana in bulk.,https://bpsaglobal.com/,,Source details captured from search snippet due page timeout.
40,Trader / food products seller,Guruji Traders,,"Reba Abusand, 66 Dakshinpara Road",Kolkata,West Bengal,,souravbusinessofficial79@gmail.com,https://gurujitraders.com/product/makhana.php,Kolkata seller listing makhana alongside nuts and imported dry-fruit products.,https://gurujitraders.com/product/makhana.php,,Email-only contact visible.
41,Wholesale market / channel lead,Siliguri Wholesale Market,,"Champasari More, Opposite Triveni Lodge",Siliguri,West Bengal,+91 7001622692,siliguriwholesalemarket@gmail.com,https://www.siliguriwholesale.com/fruits-amp-nuts,"Siliguri wholesale platform for fruits and nuts, useful for North Bengal channel placement.",https://www.siliguriwholesale.com/fruits-amp-nuts,,Good North Bengal market-distribution lead.
42,Bulk supplier / exporter,Nature To Home Agro,,Supplier page serving Siliguri market,Siliguri,West Bengal,+91 9661823537,help@naturetohomeagro.com,https://www.naturetohomeagro.com/siliguri,Bulk makhana and cashew supplier marketing directly to Siliguri wholesalers and exporters.,https://www.naturetohomeagro.com/siliguri,https://www.naturetohomeagro.com/siliguri/dried-raisins.html,"Physical office listed in Bihar, but page explicitly targets Siliguri market."
43,Dry-fruit retailer / bulk lead,Fruits Baggy,,"Plot No - 386, Patia",Bhubaneswar,Odisha,+91 6370981846,fruitsbaggy@gmail.com,https://fruitsbaggy.com/contact/,"Bhubaneswar dry-fruit/nuts seller already listing makhana product, useful as Odisha channel lead.",https://fruitsbaggy.com/contact/,https://fruitsbaggy.com/product/makhana/,Useful Odisha retail/wholesale channel.
44,Healthy snacks brand / channel buyer,Nutriboat Super Foods Pvt. Ltd.,,"Plot-488(P), Balitota Sahi, Nayapalli",Bhubaneswar,Odisha,+91 8847881590; +91 9078937219; +91 7749932339,nutriboat.direct@gmail.com,https://www.nutriboat.in/about.php,Odisha healthy-snacks brand already selling multiple roasted makhana flavors.,https://www.nutriboat.in/about.php,,"Good for private label, contract roasting, or channel discussions."
45,Retail / trading lead,Devi Sales,,"138, Lane No 10, Bapuji Nagar",Bhubaneswar,Odisha,+91 9337100043,kvr484@gmail.com,https://www.devisales.co.in/search/raw-makhana/1,"Bhubaneswar trader explicitly listing raw makhana, popped lotus seeds, and healthy snack products.",https://www.devisales.co.in/search/raw-makhana/1,,Good direct Odisha trade lead.
46,Regional marketing / channel lead,TRUEPDI Automotive Private Limited,,Bhubaneswar,Bhubaneswar,Odisha,,info@truepdi.com,https://kbcmakhana.com/,"KBC Makhana lists this Bhubaneswar company as marketing contact for South India and Assam, making it a useful regional route-to-market lead.",https://kbcmakhana.com/,,Email visible via KBC snippet; phone not publicly visible in source used.
47,Exporter / agro trader,Shree Balaji Global Trade,,"H No. 12 Gunmay Colony, Mango",Jamshedpur,Jharkhand,+91 9835756779; +91 9431171002; +91 7667558908,info@shreebalajiglobaltrade.com,https://shreebalajiglobaltrade.com/detail.php?id=NA%3D%3D,Jharkhand exporter actively listing makhana / foxnut and agro products with direct phone and email.,https://shreebalajiglobaltrade.com/detail.php?id=NA%3D%3D,,Strong Jharkhand lead.
48,Exporter,JJMB GIMEX Pvt. Ltd.,,"JJ Complex, Kamre",Ranchi,Jharkhand,,jjmbgimex1617@gmail.com,https://jjmbgimex.com/,Ranchi exporter explicitly positioning itself as premium makhana exporter for global markets.,https://jjmbgimex.com/,,Email visible; phone not shown in accessible snippet.
49,Exporter / food products lead,Waratahub,,"Hatigaon Bishnujyoti Path, House No. 42",Guwahati,Assam,+91 8638143065; 9394461131,hubwaratah@gmail.com,https://waratahexportindia.com/products.php?id=3,Guwahati-based exporter with dry-fruit category and direct contact details; useful for Assam entry.,https://waratahexportindia.com/products.php?id=3,,Assam channel/export lead.
50,Exporter / spices and seeds supplier,Good Food Overseas,,"House No 11, Lakshmi Niwas",Guwahati,Assam,+91 8638198950,info@goodfoodoverseas.com,https://www.goodfoodoverseas.com/,Guwahati exporter brochure explicitly lists makhana among spices and seeds export products.,https://5.imimg.com/data5/SELLER/Doc/2025/2/491074851/RX/ID/AL/132641395/makhana.pdf,https://www.goodfoodoverseas.com/,Good Assam export lead.
51,Exporter / wholesaler,DHAR WORLDWIDE EXPORTS,Premdip Dhar,"1st Floor, GMC House No. 27, Pragati Path (Lane-2), Odalbakra",Guwahati,Assam,(+91) 9004653289,premdip@dharworldwideexports.com,https://dharworldwideexports.linker.store/pages/about-us,"Guwahati exporter with offices in Assam and Kolkata, focused on dry fruits and export trade.",https://dharworldwideexports.linker.store/pages/about-us,,Strong Assam export/contact lead.
52,Retail / local market lead,JRD Mithila Makhana,,"House No.79, Rupkonwar Path, VIP Road, Chachal, Sixmile",Guwahati,Assam,,,https://id.vyaparify.com/jrdmithilamakhana,Premium Guwahati makhana store with verified address and local retail presence for Assam market access.,https://id.vyaparify.com/jrdmithilamakhana,,Address visible; no direct phone exposed in accessible page.
